youtube.com,1
youtube-nocookie.com,1
googlevideo.com,1
ytimg.com,1
google.co.uk,1
google.ie,1
google.com.mx,1
google.co.ma,1
invitemedia.com,1
google.co.th,1
google.pl,1
googlesyndication.com,1
google.cz,1
google.no,1
google.dz,1
google.com.tr,1
google.com.br,1
google.ch,1
google.rs,1
google.es,1
2mdn.net,1
google.co.jp,1
google.ca,1
google.be,1
google.fi,1
googleadservices.com,1
google.pt,1
google.gr,1
google.com.au,1
google.co.in,1
google.de,1
google.at,1
google.ru,1
google.fr,1
google.dk,1
google.se,1
doubleclick.net,1
google.nl,1
adsensecustomsearchads.com,1
google.it,1
google.com,1
google.hu,1
google.ro,1
google.com.ua,1
googletagmanager.com,1
googletagservices.com,1
googlecommerce.com,1
google-analytics.com,1
1e100cdn.net,1
ggpht.com,1
googleapis.com,1
gstatic.com,1
googleusercontent.com,1
appspot.com,1
google.com.pk,1
google.com.my,1
withgoogle.com,1
google.com.gt,1
google.com.ag,1
google.com.bo,1
google.co.ve,1
google.sk,1
filegoogle.com,1
googleopis.com,1
google.bg,1
google.co.za,1
google.com.do,1
googleservicesvn.com,1
googlejs.net,1
google.com.ng,1
googleapistest.com,1
google.cn,1
googleforwork.com,1
googleadsservice.online,1
googlex.in,1
google.co.ke,1
googleappmanager.com,1
google.com.eg,1
google.com.co,1
google.com.qa,1
google.com.hk,1
google.cl,1
google.com.pe,1
googletagsservice.com,1
googleapis.info,1
google.com.vn,1
google-analytics.ga,1
google.co.id,1
google.com.ar,1
googlegroups.com,1
doubleclickbygoogle.com,1
blog.google,1
google.lv,1
google.ba,1
googlejsmanager.com,1
googleadwordswidget.com,1
googletraveladservices.com,1
google.com.ph,1
google.al,1
google-analtyics.com,1
google.by,1
google.org,1
google.ae,1
google.com.kw,1
google.com.sg,1
google.mg,1
google.com.tw,1
google.com.sa,1
google.co.kr,1
google.com.pg,1
google.co.il,1
googleblog.cn,1
google-analyctis.com,1
