mmtro.com,site_analytics
creative-serving.com,site_analytics
1822direkt.de,misc
1dmp.io,advertising
opecloud.com,site_analytics
website-start.de,misc
247-inc.net,customer_interaction
24smi.org,misc
33across.com,advertising
4cdn.org,misc
4finance.com,customer_interaction
7tv.de,audio_video_player
94j7afz2nr.xyz,extensions
a3cloud.net,unknown
abtasty.com,site_analytics
ablida.de,advertising
accengage.net,advertising
acestream.net,extensions
acint.net,site_analytics
acpm.fr,site_analytics
active-agent.com,advertising
acuityplatform.com,advertising
acxiomapac.com,site_analytics
ad4mat.es,advertising
ad6.fr,advertising
adspirit.de,advertising
adac.de,misc
adrtx.net,advertising
adalyser.com,site_analytics
adap.tv,advertising
yieldoptimizer.com,advertising
adbetclickin.pink,advertising
adblade.com,advertising
adbrn.com,advertising
adc-serv.net,advertising
adclear.net,advertising
yagiay.com,advertising
addthis.com,advertising
ipredictive.com,site_analytics
adformdsp.net,advertising
adfox.ru,advertising
adgrx.com,advertising
adglare.net,advertising
adsafety.net,advertising
smartadcheck.de,advertising
adguard.com,extensions
afy11.net,advertising
adition.com,advertising
netsprint.eu,advertising
adlooxtracking.com,advertising
adx1.com,advertising
adizio.com,advertising
admeira.ch,advertising
admaym.com,advertising
admitad.com,advertising
admized.com,misc
adnet.biz,advertising
adnetworkperformance.com,unknown
adnium.com,advertising
heias.com,advertising
demdex.net,advertising
adobedtm.com,essential
adobetag.com,advertising
adocean.pl,advertising
adomik.com,advertising
adotmob.com,advertising
erne.co,advertising
adrecover.com,advertising
adriver.ru,advertising
adroll.com,advertising
txt.eu,advertising
adsbookie.com,advertising
adscale.de,advertising
adskeeper.co.uk,advertising
adsnative.com,advertising
adsniper.ru,advertising
o333o.com,advertising
ad-stir.com,advertising
adswizz.com,advertising
adtech.de,site_analytics
adtelligence.de,advertising
adentifi.com,advertising
adthink.com,advertising
adtiger.de,advertising
adtr02.com,unknown
adtriba.com,site_analytics
adtrue.com,advertising
dditscdn.com,pornvertising
adup-tech.com,advertising
ahcdn.com,cdn
adventori.com,misc
adverserve.net,advertising
adverticum.net,advertising
atwola.com,advertising
advertserve.com,advertising
advolution.de,advertising
adwebster.com,advertising
adworx.at,advertising
adxpansion.com,pornvertising
adyoulike.com,advertising
adzerk.net,advertising
aemediatraffic.com,site_analytics
affectv.com,advertising
banner-rotation.com,advertising
affimax.de,advertising
afgr2.com,pornvertising
agkn.com,advertising
aidata.io,advertising
muscache.com,site_analytics
airpr.com,site_analytics
akstat.io,site_analytics
akamoihd.net,extensions
akanoo.com,site_analytics
aldi-international.com,misc
alephd.com,advertising
alexametrics.com,site_analytics
algovid.com,unknown
alicdn.com,misc
alipay.com,customer_interaction
allegrostatic.com,misc
allo-pages.fr,customer_interaction
assoc-amazon.fr,advertising
cloudfront.net,hosting
payments-amazon.com,customer_interaction
amazonwebservices.com,hosting
amgload.net,unknown
d24n15hnbwhuhn.cloudfront.net,site_analytics
ancestrycdn.com,cdn
ancoraplatform.com,site_analytics
aniview.com,advertising
answerscloud.com,comments
aolcdn.com,site_analytics
apa.at,misc
apester.com,advertising
de8of677fyt0b.cloudfront.net,site_analytics
apple.com,advertising
adnxs.com,advertising
ard.de,audio_video_player
areyouahuman.com,site_analytics
artlebedev.ru,misc
asambeauty.com,misc
ask.com,social_media
aspnetcdn.com,cdn
xiti.com,site_analytics
oadts.com,advertising
adbureau.net,advertising
atl-paas.net,customer_interaction
atsfi.de,unknown
targetingmarketplace.com,advertising
audiencesquare.com,advertising
audtd.com,advertising
ausgezeichnet.org,customer_interaction
auth0.com,site_analytics
autoscout24.net,misc
avail.net,advertising
avocet.io,misc
awin.com,advertising
azureedge.net,cdn
bahn.de,misc
baidu.com,advertising
bdstatic.com,misc
bangdom.com,pornvertising
bannerflow.com,advertising
basilic.io,site_analytics
t4ft.de,advertising
bauernative.com,advertising
baur.de,misc
baynote.net,advertising
bazaarvoice.com,customer_interaction
bbci.co.uk,hosting
bbelements.com,advertising
bfmio.com,advertising
bebi.com,advertising
beeketing.com,site_analytics
beeline.ru,advertising
bidr.io,customer_interaction
belboon.de,misc
bemobile.ua,hosting
betweendigital.com,site_analytics
bid.run,site_analytics
bidswitch.net,advertising
bttrack.com,advertising
bidtheatre.com,advertising
bigcommerce.com,site_analytics
bigmir.net,misc
bpcdn.net,misc
bildstatic.de,misc
bing.net,advertising
virtualearth.net,customer_interaction
bit.ly,site_analytics
bitrix.ru,advertising
blau.de,misc
bnmla.com,advertising
blogfoster.com,misc
blogger.com,misc
brcdn.com,advertising
blueconic.net,site_analytics
bkrtx.com,advertising
adrevolver.com,advertising
ml314.com,site_analytics
bongacams.com,pornvertising
bonial.com,customer_interaction
booking.com,misc
bootstrapcdn.com,cdn
boudja.com,unknown
bounceexchange.com,advertising
bouncex.com,advertising
app.link,advertising
brandwire.tv,advertising
appboycdn.com,site_analytics
brealtime.com,advertising
brightcove.com,audio_video_player
brightcove.net,audio_video_player
brightonclick.com,advertising
btrll.com,advertising
brillen.de,misc
browser-update.org,customer_interaction
bluetriangletech.com,site_analytics
bugherd.com,customer_interaction
d2wy8f7a9ursnm.cloudfront.net,site_analytics
bulkhentai.com,pornvertising
bumlam.com,unknown
bunchbox.co,site_analytics
bf-tools.net,advertising
bstatic.de,advertising
buysellads.com,advertising
buzzadexchange.com,advertising
bwbx.io,cdn
c1exchange.com,advertising
cackle.me,pornvertising
caltat.com,customer_interaction
camakaroda.com,unknown
kdata.fr,site_analytics
cardlytics.com,site_analytics
3gl.net,site_analytics
cbsinteractive.com,misc
ccmbg.com,advertising
cdn-net.com,unknown
cdn13.com,misc
cdn77.org,cdn
cdnnetwok.xyz,extensions
cdnvideo.com,cdn
cedexis-radar.net,site_analytics
certona.net,advertising
cptrack.de,site_analytics
chartbeat.net,site_analytics
chatango.com,customer_interaction
chaturbate.com,pornvertising
chefkoch.de,misc
iqcontentplatform.de,site_analytics
ciuvo.com,extensions
clearbit.com,site_analytics
cleverpush.com,site_analytics
clickintext.net,advertising
clickonometrics.pl,advertising
pantherssl.com,site_analytics
clicktripz.com,advertising
staticstuff.net,site_analytics
cloud-media.fr,advertising
cloudflare.net,cdn
cloudimg.io,cdn
cloudinary.com,cdn
cnetcontent.com,misc
cnzz.com,site_analytics
codeonclick.com,unknown
combotag.com,advertising
tqlkg.com,advertising
comprigo.com,extensions
zqtk.net,site_analytics
conative.de,advertising
condenast.com,misc
congstar.de,advertising
connatix.com,advertising
connexity.net,advertising
connextra.com,advertising
c-i.as,advertising
content.ad,advertising
contentspread.net,advertising
contentexchange.me,site_analytics
contentpass.de,customer_interaction
contentsquare.net,advertising
continum.net,hosting
mplxtms.com,advertising
convertro.com,advertising
conviva.com,site_analytics
cpmstar.com,advertising
cpx.to,unknown
cqq5id8n.com,unknown
cquotient.com,site_analytics
dnn506yrbagrg.cloudfront.net,site_analytics
createjs.com,cdn
creativecommons.org,misc
crimsonhexagon.com,site_analytics
ctpsnet.com,advertising
criteo.com,advertising
crossengage.io,site_analytics
crosspixel.net,advertising
crosssell.info,advertising
curse.com,misc
cursecdn.com,cdn
cxense.com,advertising
cxo.name,site_analytics
dailymail.co.uk,misc
dmcdn.net,misc
dmxleo.com,advertising
dantrack.net,advertising
datadome.co,site_analytics
nexac.com,advertising
datamind.ru,advertising
w55c.net,advertising
datds.net,extensions
pro-market.net,advertising
davebestdeals.com,extensions
dawandastatic.com,misc
stormcontainertag.com,advertising
dcbap.com,extensions
dcmn.com,advertising
decibelinsight.net,site_analytics
defpush.com,unknown
deichmann.com,advertising
adaction.se,advertising
company-target.com,advertising
d3von6il1wr7wo.cloudfront.net,advertising
digicert.com,essential
digidip.net,advertising
wtp101.com,advertising
digioh.com,advertising
nedstat.com,site_analytics
adtag.cc,advertising
dwin1.com,advertising
ultimedia.com,advertising
digitru.st,advertising
dimml.io,misc
disquscdn.com,comments
disqusads.com,advertising
distiltag.com,site_analytics
districtm.io,advertising
ctret.de,misc
fwbntw.com,audio_video_player
donation-tools.org,extensions
doofinder.com,customer_interaction
dotmetrics.net,site_analytics
dtmpub.com,advertising
invitemedia.com,advertising
doublepimpssl.com,pornvertising
doubleverify.com,advertising
adsymptotic.com,advertising
dropbox.com,pornvertising
media6degrees.com,advertising
dtscout.com,site_analytics
dyntrk.com,advertising
media01.eu,misc
dynamicyield.com,misc
dynatrace.com,site_analytics
dyncdn.me,unknown
eanalyzer.de,unknown
easylist.club,unknown
ebay.com,advertising
econda-monitor.de,site_analytics
effectivemeasure.net,advertising
effiliation.com,advertising
ehi-siegel.de,customer_interaction
ekomi.de,comments
elasticad.net,advertising
eloqua.com,advertising
eluxer.net,extensions
embedly.com,site_analytics
emetriq.de,advertising
emsmobile.de,misc
adtlgc.com,site_analytics
ensighten.com,essential
email-reflex.com,advertising
epoq.de,advertising
eproof.com,site_analytics
ero-advertising.com,pornvertising
errorception.com,site_analytics
eshopcomp.com,extensions
espncdn.com,cdn
esprit.de,misc
cybermonitor.com,site_analytics
etahub.com,unknown
sedotracker.com,site_analytics
etsystatic.com,cdn
betrad.com,essential
exactag.com,site_analytics
exelator.com,advertising
exdynsrv.com,pornvertising
exoticads.com,pornvertising
expedia.com,misc
eccmp.com,misc
extreme-dm.com,site_analytics
eyeota.net,advertising
eyeviewads.com,advertising
f11-ads.com,advertising
facebook.com,social_media
angsrvr.com,misc
fap.to,misc
fastly.net,cdn
fastpic.ru,hosting
feedbackify.com,customer_interaction
feedburner.com,advertising
fidelity-media.com,advertising
fileserve.xyz,hosting
findizer.fr,misc
findologic.com,customer_interaction
firebaseio.com,misc
firstimpression.io,advertising
fitanalytics.com,site_analytics
flagcounter.com,advertising
flashtalking.com,advertising
flattr.com,social_media
flickr.com,social_media
flix360.com,misc
flocktory.com,advertising
flowplayer.org,advertising
adingo.jp,advertising
flxpxl.com,advertising
fontawesome.com,cdn
footprintdns.com,unknown
securepaths.com,advertising
foresee.com,site_analytics
fncstatic.com,cdn
foxydeal.com,extensions
yabidos.com,advertising
freegeoip.net,site_analytics
freent.de,misc
fwmrm.net,audio_video_player
d36mpcpuzc4ztk.cloudfront.net,customer_interaction
getiton.com,pornvertising
fullstory.com,site_analytics
fyber.com,advertising
gdmdigital.com,advertising
gemius.pl,advertising
generaltracking.de,unknown
gssprt.jp,advertising
geotrust.com,essential
getsitecontrol.com,advertising
adhigh.net,advertising
sensic.net,advertising
gfycat.com,social_media
gigya.com,site_analytics
giphy.com,social_media
giraff.io,advertising
githubusercontent.com,customer_interaction
githubapp.com,customer_interaction
github.io,hosting
glganltcs.space,extensions
globalsign.com,misc
glomex.com,audio_video_player
glotgrx.com,unknown
gmxpro.net,misc
go.com,misc
google.hu,advertising
googleadservices.com,advertising
google-analytics.com,site_analytics
appspot.com,hosting
adsensecustomsearchads.com,advertising
fonts.googleapis.com,cdn
ggpht.com,cdn
1e100cdn.net,misc
googlesyndication.com,advertising
googletagservices.com,essential
googlecommerce.com,site_analytics
googleusercontent.com,cdn
googleapis.com,cdn
trw12.com,advertising
gravatar.com,social_media
gravity.com,site_analytics
greatviews.de,advertising
gt-cdn.net,social_media
gmads.net,advertising
gstatic.com,cdn
emsservice.de,advertising
gumgum.com,advertising
haendlerbund.de,customer_interaction
d36lvucg9kzous.cloudfront.net,site_analytics
heatmap.it,advertising
weltsport.net,misc
here.com,misc
herokuapp.com,hosting
hi-mediaserver.com,advertising
highwebmedia.com,pornvertising
hwcdn.net,site_analytics
histats.com,advertising
h-cdn.com,audio_video_player
homeaway.com,misc
hlserve.com,advertising
hotdogsandads.com,unknown
hotjar.com,site_analytics
hotlog.ru,site_analytics
howtank.com,social_media
hubspot.com,advertising
hurra.com,advertising
hybrid.ai,advertising
hyvyd.com,misc
ib-ibi.com,advertising
i10c.net,unknown
iadvize.com,customer_interaction
cmcore.com,site_analytics
nsimg.net,customer_interaction
idcdn.de,advertising
idealo.com,advertising
igodigital.com,customer_interaction
imgix.net,cdn
imgur.com,misc
static-immobilienscout24.de,misc
imonomy.com,site_analytics
impactradius-event.com,essential
360yield.com,advertising
indeed.com,advertising
casalemedia.com,advertising
impdesk.com,advertising
intextscript.com,advertising
ivwbox.de,site_analytics
innogames.de,misc
insightexpressai.com,site_analytics
inspectlet.com,site_analytics
inspsearchapi.com,advertising
cdninstagram.com,misc
sdad.guru,advertising
iasds01.com,advertising
intelliad.de,advertising
ist-track.com,advertising
intentmedia.net,advertising
intercomcdn.com,customer_interaction
interedy.info,unknown
intermarkets.net,advertising
goadservices.com,advertising
ps7894.com,advertising
im-apps.net,site_analytics
dsp.io,advertising
iesnare.com,essential
iperceptions.com,customer_interaction
mbww.com,advertising
ipify.org,misc
iubenda.com,essential
ivitrack.com,advertising
ixiaa.com,advertising
ixquick.com,misc
jetlore.com,site_analytics
stats.wp.com,site_analytics
jimstatic.com,hosting
jivosite.com,customer_interaction
jivox.com,advertising
jquery.com,cdn
jsdelivr.net,cdn
mofos.com,pornvertising
juicyads.com,pornvertising
jumptap.com,advertising
justpremium.com,advertising
jwpltx.com,audio_video_player
kaeufersiegel.de,customer_interaction
kairion.de,advertising
kaltura.com,audio_video_player
kameleoon.com,site_analytics
kampyle.com,site_analytics
kaspersky-labs.com,extensions
kataweb.it,advertising
keen.io,site_analytics
xg4ken.com,site_analytics
keywee.co,site_analytics
khzbeucrltin.com,unknown
king.com,advertising
midasplayer.com,misc
kiosked.com,advertising
kissmetrics.com,site_analytics
klarna.com,customer_interaction
komoona.com,advertising
ktxtr.com,advertising
krxd.net,advertising
q-sis.de,advertising
kxcdn.com,cdn
latimes.com,misc
layer-ad.org,advertising
lemde.fr,misc
leadplace.fr,site_analytics
lengow.com,advertising
lenmit.com,unknown
lentainform.com,misc
lenua.de,advertising
footprint.net,misc
lfstmedia.com,advertising
veeseo.com,advertising
linkedin.com,misc
lp4.io,site_analytics
linksynergy.com,advertising
lqmcdn.com,advertising
list.ru,social_media
liadm.com,site_analytics
liveadexchanger.com,unknown
livechatinc.net,customer_interaction
livefyre.com,comments
yadro.ru,comments
liveperson.net,customer_interaction
rlcdn.com,advertising
livetex.ru,pornvertising
lkqd.net,advertising
loadercdn.com,unknown
addtoany.com,social_media
loggly.com,site_analytics
logsss.com,unknown
loop11.com,site_analytics
crwdcntrl.net,advertising
vidcpm.com,unknown
luckyorange.net,site_analytics
lyuoaxruaqdo.com,unknown
m-pathy.com,advertising
mpnrs.com,advertising
madeleine.de,advertising
domdex.com,advertising
magnuum.com,unknown
mradx.net,social_media
mailchimp.com,advertising
mailerlite.com,hosting
mapandroute.de,customer_interaction
mapbox.com,customer_interaction
marinsm.com,advertising
mgid.com,advertising
marketgid.com,advertising
marketo.net,advertising
caanalytics.com,advertising
marshadow.io,advertising
edigitalsurvey.com,customer_interaction
marvellousmachine.net,advertising
mathjax.org,cdn
maxcdn.com,cdn
maxmind.com,advertising
maxonclick.com,unknown
mxptint.net,advertising
m6r.eu,advertising
ywxi.net,essential
media-imdb.com,cdn
media.net,advertising
mediaimpact.de,advertising
mookie1.com,advertising
mathtag.com,advertising
mediarithmics.com,advertising
mediator.media,site_analytics
meetrics.net,advertising
mein-bmi.com,extensions
rkdms.com,site_analytics
messenger.com,social_media
netaffiliation.com,advertising
mlsat02.de,advertising
metrigo.com,advertising
microsofttranslator.com,misc
staticimgfarm.com,site_analytics
mirtesen.ru,social_media
mixpanel.com,site_analytics
mncdn.com,cdn
moatpixel.com,advertising
mobtrks.com,unknown
devappgrant.space,misc
monetate.net,site_analytics
fonts.net,cdn
fonts.com,cdn
monster.com,advertising
mopinion.com,customer_interaction
mouseflow.com,site_analytics
movad.net,misc
micpn.com,pornvertising
mrpdata.com,site_analytics
adsyndication.msn.com,misc
mycdn.me,cdn
mycliplister.com,customer_interaction
myfonts.net,site_analytics
mythings.com,advertising
nanigans.com,advertising
audiencemanager.de,advertising
narrative.io,site_analytics
postrelease.com,advertising
navdmp.com,site_analytics
naver.com,misc
s-nbcnews.com,misc
nekudo.com,customer_interaction
ad-srv.net,advertising
nerfherdersolo.com,misc
wemfbox.ch,site_analytics
netbiscuits.net,site_analytics
nflximg.net,misc
netzathleten-media.de,advertising
netmining.com,advertising
glanceguide.com,advertising
netseer.com,advertising
nsaudience.pl,site_analytics
adadvisor.net,advertising
d1ros97qkrwjf5.cloudfront.net,site_analytics
nexage.com,advertising
nexeps.com,advertising
nxtck.com,advertising
trkme.net,advertising
nosto.com,site_analytics
adleadevent.com,advertising
nt.vc,misc
nuggad.net,advertising
nyt.com,misc
o2.pl,misc
o2online.de,misc
oclasrv.com,unknown
octapi.net,unknown
office.com,misc
office.net,misc
office365.com,misc
olark.com,customer_interaction
onap.io,misc
omarsys.com,advertising
omniconvert.com,advertising
freedom.com,site_analytics
oms.eu,advertising
onaudience.com,advertising
onesignal.com,essential
ocdn.eu,misc
onfocus.io,advertising
onthe.io,site_analytics
ooyala.com,audio_video_player
openload.co,cdn
openstat.net,site_analytics
openxenterprise.com,advertising
opinary.com,customer_interaction
opta.net,customer_interaction
optimatic.com,audio_video_player
optimicdn.com,cdn
optimizely.com,site_analytics
optimonk.com,site_analytics
optnmstr.com,site_analytics
optincollect.com,advertising
volvelle.tech,advertising
ora.tv,advertising
rnengage.com,misc
orangeads.fr,advertising
wanadoo.fr,misc
emxdgt.com,advertising
os.tc,essential
othersearch.info,misc
otm-r.com,advertising
otto.de,misc
outbrain.com,misc
overheat.it,site_analytics
oewabox.at,site_analytics
owneriq.net,advertising
ownpage.fr,customer_interaction
owox.com,site_analytics
pagefair.net,customer_interaction
pardot.com,site_analytics
parsely.com,site_analytics
paypalobjects.com,customer_interaction
peer5.com,cdn
peerius.com,customer_interaction
pendo.io,site_analytics
pepper.com,advertising
perfdrive.com,unknown
perfectaudience.com,advertising
perfectmarket.com,advertising
performgroup.com,essential
performax.cz,advertising
perimeterx.net,site_analytics
permutive.com,advertising
persgroep.net,advertising
petametrics.com,customer_interaction
piguiqproxy.com,unknown
pingdom.net,site_analytics
pinterest.com,social_media
adrta.com,advertising
pizzaandads.com,unknown
pladform.com,advertising
pfrm.co,advertising
impact-ad.jp,advertising
playbuzz.com,site_analytics
plista.com,advertising
pluso.ru,social_media
pmddby.com,extensions
pnamic.com,extensions
po.st,social_media
mediavoice.com,advertising
polldaddy.com,customer_interaction
polyfill.io,misc
popadscdn.net,advertising
popcash.net,advertising
pornhub.com,pornvertising
postaffiliatepro.com,advertising
powerlinks.com,advertising
powr.io,site_analytics
pmdrecrute.com,advertising
privy.com,site_analytics
programattik.com,advertising
onclasrv.com,advertising
propvideo.net,unknown
proxistore.com,advertising
pscp.tv,social_media
psyma.com,advertising
pubmatic.com,advertising
pulpix.com,advertising
pulsepoint.com,advertising
servebom.com,advertising
puserving.com,unknown
push.world,customer_interaction
pushcrew.com,customer_interaction
pusher.com,site_analytics
pushnative.com,unknown
pushwoosh.com,customer_interaction
q-divisioncdn.de,advertising
qq.com,misc
qualaroo.com,site_analytics
qualtrics.com,site_analytics
quantcast.com,advertising
quantcount.com,site_analytics
quantummetric.com,site_analytics
quarticon.com,site_analytics
qubit.com,site_analytics
quisma.com,advertising
quora.com,social_media
rackcdn.com,cdn
r1-cdn.net,advertising
rmtag.com,advertising
rnet.plus,misc
rawgit.com,cdn
raygun.io,advertising
rcsmediagroup.it,misc
readspeaker.com,pornvertising
realperson.de,customer_interaction
dcniko1cv0rz.cloudfront.net,site_analytics
realytics.io,site_analytics
recettes.net,misc
recreativ.ru,advertising
redblue.de,site_analytics
atendesoftware.pl,cdn
reddit.com,social_media
rdtcdn.com,cdn
reembed.com,audio_video_player
reevoo.com,site_analytics
refinedads.com,advertising
relap.io,advertising
relevant4.com,misc
remintrex.com,advertising
republer.com,site_analytics
researchnow.com,advertising
sli-system.com,site_analytics
retailrocket.net,pornvertising
revcontent.com,advertising
1rx.io,advertising
ria.ru,misc
richrelevance.com,advertising
ringier.ch,site_analytics
riskfield.com,customer_interaction
rncdn3.com,cdn
rbxcdn.com,misc
xplusone.com,advertising
d37gvrvc0wt4s1.cloudfront.net,site_analytics
rqtrk.eu,advertising
routenplaner-karten.com,customer_interaction
creativecdn.com,advertising
rvty.net,advertising
rtbsuperhub.com,advertising
rtl.de,misc
rtmark.net,advertising
mobsmith.com,advertising
rundsp.com,advertising
rhythmxchange.com,audio_video_player
s24.com,advertising
s3xified.com,unknown
sailthru.com,advertising
d16fk4ms6rqz1v.cloudfront.net,advertising
salesforce.com,site_analytics
salesforceliveagent.com,customer_interaction
salesmanago.com,advertising
samba.tv,advertising
sanoma.fi,advertising
sap-xm.org,advertising
sape.ru,site_analytics
sas.com,site_analytics
scarabresearch.com,site_analytics
scene7.com,advertising
schibsted.com,misc
svonm.com,audio_video_player
rockabox.co,advertising
scrsrch.com,advertising
scribblelive.com,misc
nativendo.de,advertising
seedtag.com,advertising
d47xnnr8b1rki.cloudfront.net,site_analytics
rutarget.ru,advertising
sekindo.com,advertising
semasio.net,advertising
sendpulse.com,pornvertising
sentifi.com,site_analytics
ravenjs.com,site_analytics
sessioncam.com,site_analytics
71i.de,advertising
sexad.net,pornvertising
sexypartners.net,pornvertising
imedia.cz,site_analytics
shareaholic.com,advertising
sharepointonline.com,customer_interaction
sharethis.com,advertising
shareth.ru,advertising
sheego.de,misc
shopauskunft.de,customer_interaction
shopgate.com,customer_interaction
shopify.com,advertising
shopify.de,cdn
shopify.ca,customer_interaction
shoppingshadow.com,advertising
shortnews.de,misc
siftscience.com,site_analytics
thebrighttag.com,essential
similardeals.net,misc
simpli.fi,advertising
sddan.com,site_analytics
site24x7rum.eu,site_analytics
siteimprove.com,site_analytics
siteimproveanalytics.com,site_analytics
sitescout.com,advertising
sixt-neuwagen.de,misc
serving-sys.com,advertising
skadtec.com,site_analytics
skimlinks.com,advertising
skypeassets.com,customer_interaction
smaato.net,advertising
styria-digital.com,advertising
smartclick.net,advertising
smartclip.net,advertising
travelsmarter.net,advertising
getsmartlook.com,customer_interaction
smartstream.tv,advertising
smartsuppchat.com,customer_interaction
smi2.net,advertising
smyte.com,site_analytics
snacktv.de,site_analytics
snapengage.com,customer_interaction
playwire.com,site_analytics
mpstat.us,site_analytics
useinsider.com,site_analytics
sociomantic.com,advertising
sojern.com,advertising
solads.media,advertising
sonobi.com,advertising
sophus3.com,advertising
deployads.com,advertising
soundcloud.com,audio_video_player
decenthat.com,advertising
lijit.com,advertising
onscroll.com,advertising
sparkasse.de,misc
speedcurve.com,site_analytics
spongecell.com,advertising
spot.im,social_media
spoteffects.net,site_analytics
scdn.co,audio_video_player
spots.im,social_media
spotscenered.info,unknown
spotxcdn.com,advertising
spoutable.com,advertising
springserve.com,advertising
squarespace.com,site_analytics
srvtrck.com,extensions
sstatic.net,cdn
st-hatena.com,social_media
stackadapt.com,advertising
stackpathdns.com,cdn
stailamedia.com,advertising
startappservice.com,advertising
statcounter.com,site_analytics
stathat.com,site_analytics
statsy.net,unknown
stayfriends.de,misc
steepto.com,advertising
stepstone.com,misc
stickyadstv.com,advertising
storygize.net,advertising
streamrail.com,audio_video_player
stripchat.com,pornvertising
stripe.network,customer_interaction
stroeerdigitalgroup.de,advertising
sprinklecontent.com,advertising
stumble-upon.com,social_media
ayads.co,advertising
sumologic.com,site_analytics
sumome.com,site_analytics
sundaysky.com,advertising
superfastcdn.com,unknown
socdm.com,advertising
swisscom.ch,misc
switchads.com,advertising
norton.com,essential
telekom-dienste.de,misc
basebanner.com,advertising
commander1.com,essential
levexis.com,essential
alipcsec.com,advertising
tapad.com,advertising
tawk.to,customer_interaction
tchibo-content.de,misc
tdsrmbl.net,misc
teads.tv,advertising
tealiumiq.com,essential
teufel.de,misc
theadex.com,advertising
guim.co.uk,misc
redintelligence.net,advertising
thesun.co.uk,misc
wfxtriggers.com,advertising
tmdb.org,misc
online-metrix.net,site_analytics
tinypass.com,essential
tisoomi-services.com,advertising
tns-counter.ru,site_analytics
toplist.cz,unknown
toponclick.com,unknown
toro-tags.com,advertising
tororango.com,unknown
inq.com,customer_interaction
tovarro.com,advertising
kiwe.io,site_analytics
dl1d2m8ri9v3j.cloudfront.net,site_analytics
adsrvr.org,advertising
tradedoubler.com,advertising
tradelab.fr,advertising
tradetracker.net,advertising
traffective.com,advertising
trafficstars.com,pornvertising
trafficfabrik.com,pornvertising
trafficfactory.biz,advertising
trafficforce.com,advertising
traffichaus.com,pornvertising
trafficjunky.net,pornvertising
travelaudience.com,site_analytics
trbo.com,advertising
tremorhub.com,audio_video_player
tribalfusion.com,advertising
tripadvisor.co.uk,misc
triplelift.com,advertising
trsv3.com,unknown
truoptik.com,site_analytics
truste.com,essential
consent.truste.com,essential
choices-or.truste.com,essential
privacy-policy.truste.com,essential
trustedshops.com,site_analytics
trustpilot.com,customer_interaction
tubecorporate.com,pornvertising
tubecup.org,pornvertising
tubemogul.com,advertising
sre-perim.com,site_analytics
platform.tumblr.com,social_media
turn.com,advertising
tvsquared.com,advertising
c4tw.net,advertising
twiago.com,advertising
twitch.tv,audio_video_player
ttvnw.net,audio_video_player
twimg.com,social_media
tellapart.com,advertising
twyn.com,advertising
txxx.com,misc
tynt.com,advertising
typeform.com,customer_interaction
typekit.net,essential
typography.com,cdn
ubersetzung-app.com,extensions
ucoz.net,site_analytics
udmserve.net,advertising
unister-gmbh.de,site_analytics
nonstoppartner.net,advertising
ui-portal.de,advertising
unpkg.com,cdn
unrulymedia.com,advertising
upravel.com,unknown
uptolike.com,social_media
usabilla.com,customer_interaction
usemax.de,advertising
userlike.com,customer_interaction
userreport.com,customer_interaction
uservoice.com,customer_interaction
userzoom.com,pornvertising
uuidksinc.net,unknown
v12group.com,site_analytics
vinsight.de,advertising
veinteractive.com,advertising
velocecdn.com,unknown
venturead.com,unknown
vgwort.de,site_analytics
digitaltarget.ru,advertising
intellitxt.com,advertising
vicomi.com,advertising
videoadex.com,advertising
tidaltv.com,advertising
videoplaza.tv,advertising
vidible.tv,advertising
viglink.com,advertising
vimeo.com,audio_video_player
vindicosuite.com,advertising
vinted.net,misc
viralgains.com,advertising
visiblemeasures.com,advertising
myvisualiq.net,site_analytics
visualrevenue.com,site_analytics
wingify.com,site_analytics
visualdna.com,advertising
visualstudio.com,misc
vi-tag.net,advertising
vizury.com,advertising
vkuservideo.net,social_media
vkontakte.ru,social_media
vodafone.de,misc
voicefive.com,site_analytics
voluumtrk3.com,advertising
vorwerk.de,misc
vtracy.de,unknown
walkme.com,customer_interaction
walmart.com,misc
wayfair.com,misc
wdr.de,misc
web.de,misc
wipe.de,site_analytics
webclicks24.com,unknown
goutee.top,advertising
webgains.com,misc
adrcdn.com,advertising
wcfbc.net,site_analytics
webtrends.com,site_analytics
westlotto.com,misc
wettercomassets.com,misc
whatsbroadcast.com,customer_interaction
amung.us,site_analytics
widespace.com,advertising
wikia-services.com,misc
wikia-beacon.com,site_analytics
nocookie.net,cdn
wikiquote.org,cdn
wirecard.de,customer_interaction
wiredminds.de,site_analytics
wistia.net,site_analytics
wix.com,misc
wonderpush.com,customer_interaction
woopic.com,misc
pubmine.com,advertising
w.org,site_analytics
worldnaturenet.xyz,extensions
wpimg.pl,misc
wwwpromoter.com,advertising
wysistat.net,site_analytics
wywyuserservice.com,advertising
xfreeservice.com,unknown
xhamsterlive.com,pornvertising
xing-share.com,site_analytics
xnxx-cdn.com,cdn
xplosion.de,advertising
xvideos.com,misc
xxxlshop.de,misc
interclick.com,site_analytics
yahoo.co.jp,misc
yandex.ru,advertising
yandex.st,customer_interaction
yandexadexchange.net,advertising
metabar.ru,extensions
yapfiles.ru,misc
yldbt.com,site_analytics
yieldify.com,advertising
yieldlab.net,advertising
yieldlove-ad-serving.net,advertising
yieldmo.com,advertising
254a.com,site_analytics
ymetrica1.com,unknown
youporn.com,pornvertising
youtube.com,audio_video_player
yume.com,advertising
gravityrd-services.com,advertising
zalando.de,misc
zanox.ws,advertising
zebestof.com,advertising
zedo.com,advertising
zemanta.com,customer_interaction
zencdn.net,audio_video_player
zendesk.com,customer_interaction
zergnet.com,customer_interaction
zeusclicks.com,advertising
ziffdavisinternational.com,advertising
zimbio.com,misc
zog.link,unknown
zononi.com,pornvertising
zopim.com,customer_interaction
extend.tv,advertising
1und1.de,misc
uicdn.com,misc
1and1.com,misc
d1af033869koo7.cloudfront.net,customer_interaction
24smi.net,misc
d1447tq2m68ekg.cloudfront.net,site_analytics
ablida.net,advertising
ad4mat.de,advertising
ad4mat.net,advertising
ad4mat.ch,advertising
ad4mat.co.uk,advertising
ad4mat.fi,advertising
ad4mat.nl,advertising
ad4mat.se,advertising
ad4mat.br,advertising
ad4mat.ro,advertising
ad4mat.hu,advertising
ad4mat.gr,advertising
ad4mat.fr,advertising
ad4mat.dk,advertising
ad4mat.mx,advertising
ad4mat.it,advertising
ad4mat.be,advertising
ad4mat.at,advertising
ad4mat.tr,advertising
ad4mat.ar,advertising
ad4mat.cz,advertising
ad4mat.pl,advertising
ad4mat.bg,advertising
ad4mat.ru,advertising
ad4mat.no,advertising
ad6media.com,advertising
ad6media.fr,advertising
ad6media.co.uk,advertising
ad6media.es,advertising
adspirit.net,advertising
adc-srv.net,advertising
addthisedge.com,advertising
addthiscdn.com,advertising
adform.net,advertising
seadform.net,advertising
adwolf.ru,advertising
adgear.com,advertising
smartredirect.de,advertising
admedo.com,advertising
atemda.com,advertising
adnet.de,advertising
adobe.com,advertising
everesttech.net,advertising
everestjs.net,advertising
adpilot.at,advertising
adrom.net,advertising
adtechus.com,site_analytics
audienceinsights.net,advertising
livejasmin.com,pornvertising
awempire.com,pornvertising
pix-cdn.org,cdn
adsdk.com,advertising
pictela.net,advertising
aol.com,advertising
advertising.com,advertising
omnitagjs.com,advertising
hprofits.com,site_analytics
webmasterplan.com,advertising
musthird.com,site_analytics
akamaized.net,site_analytics
abmr.net,site_analytics
edgesuite.net,site_analytics
akamai.net,site_analytics
akamaihd.net,site_analytics
edgekey.net,site_analytics
d5nxst8fruw4z.cloudfront.net,site_analytics
d31qbv1cthcecs.cloudfront.net,site_analytics
alibaba.com,misc
ngastatic.com,misc
ngacm.com,misc
allegroimg.com,misc
allegrostatic.pl,misc
assoc-amazon.jp,advertising
amazon.com,advertising
assoc-amazon.de,advertising
amazon.de,advertising
ssl-images-amazon.com,advertising
amazon.es,advertising
amazon.it,advertising
assoc-amazon.com,advertising
media-amazon.com,advertising
amazon.fr,advertising
images-amazon.com,advertising
amazon.co.jp,advertising
assoc-amazon.co.uk,advertising
assoc-amazon.ca,advertising
amazon.ca,advertising
amazon.co.uk,advertising
amazon-adsystem.com,advertising
awsstatic.com,hosting
amazonaws.com,hosting
amplitude.com,site_analytics
appdynamics.com,site_analytics
eum-appdynamics.com,site_analytics
adnxs.net,advertising
ati-host.net,site_analytics
aticdn.net,site_analytics
atdmt.com,advertising
atlassian.net,customer_interaction
d12ramskps3070.cloudfront.net,customer_interaction
atlassian.com,customer_interaction
revsci.net,advertising
wunderloop.net,advertising
autoscout24.com,misc
img-bahn.de,misc
baidustatic.com,advertising
exe.bid,advertising
bigpoint.com,misc
bigpoint.net,misc
bpsecure.com,misc
bigpoint-payment.com,misc
bing.com,advertising
bitrix.info,advertising
blogspot.com,misc
brsrvr.com,advertising
brtstats.com,advertising
bluekai.com,advertising
bluelithium.com,advertising
bonialconnect.com,customer_interaction
bonialserviceswidget.de,customer_interaction
bstatic.com,misc
bouncex.net,advertising
branch.io,advertising
bf-ad.net,advertising
maxymiser.net,advertising
cdn77.com,cdn
cedexis.net,site_analytics
cedexis-test.com,site_analytics
cedexis.com,site_analytics
res-x.com,advertising
chartbeat.com,site_analytics
chefkoch-cdn.de,misc
cdngc.net,site_analytics
clicktale.net,site_analytics
getclicky.com,site_analytics
cloudflare.com,cdn
umeng.com,site_analytics
yceml.net,advertising
emjcd.com,advertising
awltovhc.com,advertising
anrdoezrs.net,advertising
ftjcfx.com,advertising
lduhtrp.net,advertising
apmebf.com,advertising
afcyhf.com,advertising
tkqlhce.com,advertising
qksz.net,advertising
cxt.ms,advertising
df-srv.de,advertising
adrolays.de,advertising
contentpass.net,customer_interaction
fastclick.net,advertising
mediaplex.com,advertising
d1ivexoxmp59q7.cloudfront.net,advertising
cetrk.com,site_analytics
crazyegg.com,site_analytics
hexagon-analytics.com,site_analytics
ctasnet.com,advertising
ctnsnet.com,advertising
criteo.net,advertising
crsspxl.com,advertising
dailymotionbus.com,misc
dailymotion.com,misc
stormiq.com,advertising
dc-storm.com,advertising
h4k5.com,advertising
de17a.com,advertising
demandbase.com,advertising
dianomi.com,advertising
dianomioffers.co.uk,advertising
lightboxcdn.com,advertising
sitestat.com,site_analytics
digiteka.net,advertising
disqus.com,comments
districtm.ca,advertising
awecr.com,audio_video_player
dotomi.com,advertising
dtmc.com,advertising
2mdn.net,advertising
doubleclick.net,advertising
redcourtside.com,pornvertising
doublepimp.com,pornvertising
zerezas.com,pornvertising
xeontopa.com,pornvertising
dropboxstatic.com,pornvertising
dyntracker.de,misc
ebaystatic.com,advertising
ebay.de,advertising
ebayclassifiedsgroup.com,advertising
ebaycommercenetwork.com,advertising
ebayrtm.com,advertising
ebayimg.com,advertising
ebay-us.com,advertising
ebaydesc.com,advertising
classistatic.de,advertising
en25.com,advertising
embed.ly,site_analytics
eroadvertising.com,pornvertising
d15qhc0lu1ghnk.cloudfront.net,site_analytics
estat.com,site_analytics
etracker.de,site_analytics
etracker.com,site_analytics
exosrv.com,pornvertising
exoclick.com,pornvertising
trvl-px.com,misc
fbcdn.net,advertising
atlassbx.com,advertising
fbsbx.com,advertising
facebook.net,advertising
fastlylb.net,cdn
staticflickr.com,social_media
flx1.com,advertising
fqtag.com,advertising
freenet.de,misc
freshdesk.com,customer_interaction
adultfriendfinder.com,pornvertising
amigos.com,pornvertising
nostringsattached.com,pornvertising
board-books.com,pornvertising
pop6.com,pornvertising
cams.com,pornvertising
streamray.com,pornvertising
facebookofsex.com,pornvertising
github.com,customer_interaction
glomex.cloud,audio_video_player
gmx.net,misc
google.de,advertising
google.cz,advertising
google.pt,advertising
google.co.ma,advertising
google.be,advertising
google.ca,advertising
google.se,advertising
google.pl,advertising
google.com,advertising
google.co.uk,advertising
google.no,advertising
google.ch,advertising
google.fr,advertising
google.dz,advertising
google.fi,advertising
google.co.th,advertising
google.com.tr,advertising
google.dk,advertising
google.es,advertising
google.at,advertising
google.nl,advertising
google.gr,advertising
google.com.mx,advertising
google.co.in,advertising
google.tn,advertising
google.it,advertising
google.co.jp,advertising
google.ru,advertising
google.com.ua,advertising
google.rs,advertising
google.ro,advertising
google.com.au,advertising
google.com.br,advertising
google.ie,advertising
googletagmanager.com,essential
tuberewards.com,advertising
grvcdn.com,site_analytics
greentube.com,social_media
grmtech.net,advertising
heapanalytics.com,site_analytics
comclick.com,advertising
himediadx.com,advertising
himediads.com,advertising
adlink.net,advertising
hs-scripts.com,advertising
hs-analytics.net,advertising
targetix.net,advertising
coremetrics.com,site_analytics
id-news.net,advertising
immobilienscout24.de,misc
impactradius-tag.com,essential
7eer.net,essential
ojrq.net,essential
d3cxv97fi8q177.cloudfront.net,essential
impactradius.com,essential
evyy.net,essential
r7ls.net,essential
indexww.com,advertising
impressiondesk.com,advertising
infolinks.com,advertising
ioam.de,site_analytics
innogamescdn.com,misc
innogames.com,misc
instagram.com,misc
adsafeprotected.com,advertising
intelliad.com,advertising
intercom.io,customer_interaction
intercomassets.com,customer_interaction
ibillboard.com,advertising
iovation.com,essential
pixel.wp.com,site_analytics
jimcdn.com,hosting
jimdo.com,hosting
contentabc.com,pornvertising
justpremium.nl,advertising
jwpsrv.com,audio_video_player
jwplatform.com,audio_video_player
jwpcdn.com,audio_video_player
jwplayer.com,audio_video_player
d21rhj7n383afu.cloudfront.net,audio_video_player
kctag.net,advertising
kameleoon.eu,site_analytics
dc8na2hxrj29i.cloudfront.net,site_analytics
kpcustomer.de,advertising
d31bfnnwekbny6.cloudfront.net,advertising
ligatus.de,advertising
content-recommendation.net,advertising
ligadx.com,advertising
ligatus.com,advertising
bizo.com,misc
licdn.com,misc
lynda.com,misc
bizographics.com,misc
lqm.io,advertising
livechatinc.com,customer_interaction
fyre.co,comments
lpsnmedia.net,customer_interaction
rapleaf.com,advertising
pippio.com,advertising
luckyorange.com,site_analytics
livestatserver.com,site_analytics
d3ezl4ajpp2zy8.cloudfront.net,advertising
domdex.net,advertising
ok.ru,social_media
mail.ru,social_media
odnoklassniki.ru,social_media
imgsmail.ru,social_media
list-manage.com,advertising
dt00.net,advertising
dt07.net,advertising
mktoresp.com,advertising
marketo.com,advertising
9c9media.com,advertising
mmstat.com,advertising
netdna-ssl.com,cdn
netdna-cdn.com,cdn
scanalert.com,essential
mathads.com,advertising
mxcdn.net,advertising
de.com,advertising
metalyzer.com,advertising
live.com,misc
microsoftonline-p.com,misc
msedge.net,misc
msecnd.net,misc
microsoft.com,misc
s-microsoft.com,misc
azurewebsites.net,misc
onestore.ms,misc
gfx.ms,misc
microsoftonline.com,misc
msocdn.com,misc
trouter.io,misc
cloudapp.net,misc
windows.net,misc
mindspark.com,site_analytics
imgfarm.com,site_analytics
mxpnl.net,site_analytics
mxpnl.com,site_analytics
moatads.com,advertising
movad.de,misc
mrpdata.net,site_analytics
bat.r.msn.com,misc
flex.msn.com,misc
ads1.msn.com,misc
ads.msn.com,misc
msn.com,misc
s-msn.com,misc
col.stc.s-msn.com,misc
ntv.io,advertising
netflix.com,misc
nflxext.com,misc
nflxso.net,misc
netmng.com,advertising
vizu.com,advertising
imrworldwide.com,advertising
nr-data.net,site_analytics
newrelic.com,site_analytics
olx-st.com,misc
2o7.net,site_analytics
du8783wkf05yr.cloudfront.net,site_analytics
hitbox.com,site_analytics
omtrdc.net,site_analytics
imageg.net,site_analytics
reedbusiness.net,site_analytics
omsnative.de,advertising
behavioralengine.com,advertising
onet.pl,misc
fogl1onf.com,advertising
oloadcdn.net,cdn
openx.org,advertising
openx.net,advertising
odnxs.net,advertising
servedbyopenx.com,advertising
mstrlytcs.com,site_analytics
optmstr.com,site_analytics
rightnowtech.com,misc
orange.fr,advertising
blockmetrics.com,customer_interaction
pagefair.com,customer_interaction
d1z2jf7jlzjs58.cloudfront.net,site_analytics
paypal.com,customer_interaction
prfct.co,advertising
pinimg.com,social_media
d3io1k5o0zdpqr.cloudfront.net,social_media
popads.net,advertising
phncdn.com,pornvertising
onclickads.net,advertising
propellerads.com,advertising
propellerpops.com,advertising
onclkds.com,advertising
oclaserver.com,advertising
contextweb.com,advertising
purch.com,advertising
quantserve.com,advertising
d3c3cq33003psk.cloudfront.net,site_analytics
qservz.com,advertising
gwallet.com,advertising
mediaforge.com,advertising
top100.ru,misc
rambler.ru,misc
redditstatic.com,social_media
redditmedia.com,social_media
redd.it,social_media
redtube.com,cdn
retailrocket.ru,pornvertising
ics0.com,advertising
rfihub.com,advertising
rfihub.net,advertising
ru4.com,advertising
technical-service.net,misc
static-fra.de,misc
dpclk.com,advertising
rubiconproject.com,advertising
nearbyad.com,advertising
runadtag.com,advertising
sail-horizon.com,advertising
salecycle.com,advertising
force.com,site_analytics
liveagentforsalesforce.com,customer_interaction
ilsemedia.nl,advertising
aimatch.com,site_analytics
schibsted.io,misc
schneevonmorgen.com,audio_video_player
scoreresearch.com,advertising
securestudies.com,advertising
comscore.com,advertising
scorecardresearch.com,advertising
segment.com,site_analytics
d2dq2ahtl5zl1z.cloudfront.net,site_analytics
segment.io,site_analytics
sentry.io,site_analytics
d2oh4tlt9mrke9.cloudfront.net,site_analytics
dtym7iokkjlif.cloudfront.net,advertising
sharethrough.com,advertising
dtlilztwypawv.cloudfront.net,site_analytics
signal.co,essential
btstatic.com,essential
site24x7rum.com,site_analytics
skimresources.com,advertising
redirectingat.com,advertising
skype.com,customer_interaction
yoc-adserver.com,advertising
smartadserver.com,advertising
sascdn.com,advertising
smartertravel.com,advertising
smartlook.com,customer_interaction
smi2.ru,advertising
snplow.net,site_analytics
d346whrrklhco7.cloudfront.net,site_analytics
dc8xl0ndzn2cb.cloudfront.net,site_analytics
d78fikflryjgj.cloudfront.net,site_analytics
go-mpulse.net,site_analytics
sndcdn.com,audio_video_player
summerhamster.com,advertising
d3pkae9owd2lcf.cloudfront.net,advertising
spotify.com,audio_video_player
spotx.tv,advertising
spotxchange.com,advertising
streamrail.net,audio_video_player
stripcdn.com,pornvertising
stripe.com,customer_interaction
stroeerdigitalmedia.de,advertising
interactivemedia.net,advertising
stroeerdp.de,advertising
stroeermediabrands.de,advertising
su.pr,social_media
stumbleupon.com,social_media
sumo.com,site_analytics
switchafrica.com,advertising
switchadhub.com,advertising
myswitchads.com,advertising
verisign.com,essential
thawte.com,essential
symantec.com,essential
sdp-campaign.de,misc
toi.de,misc
t-online.de,misc
telekom.com,misc
telekom.de,misc
taboolasyndication.com,advertising
taboola.com,advertising
tagcommander.com,essential
tchibo.de,misc
tealium.com,essential
tiqcdn.com,essential
llnwd.net,essential
weather.com,advertising
npttech.com,essential
tns-cs.net,site_analytics
research-int.se,site_analytics
statistik-gallup.net,site_analytics
tns-gallup.dk,site_analytics
sesamestats.com,site_analytics
spring-tns.net,site_analytics
toroadvertising.com,advertising
toroadvertisingmedia.com,advertising
tracc.it,site_analytics
trackjs.com,site_analytics
d2zah9y47r7bi2.cloudfront.net,site_analytics
cdntrf.com,advertising
tsyndicate.com,pornvertising
videohub.tv,audio_video_player
tremorvideo.com,audio_video_player
exponential.com,advertising
tripadvisor.com,misc
tacdn.com,misc
tamgrt.com,misc
tripadvisor.de,misc
3lift.com,advertising
d3iwjrnl4m67rd.cloudfront.net,advertising
trustarc.com,essential
choices.truste.com,essential
jtvnw.net,audio_video_player
twitchcdn.net,audio_video_player
twitchsvc.net,audio_video_player
twitter.com,social_media
t.co,social_media
ads-twitter.com,social_media
typekit.com,essential
unister-adservices.com,site_analytics
tifbs.net,advertising
uimserv.net,advertising
usemaxserver.de,advertising
dq4irj27fs462.cloudfront.net,customer_interaction
userlike-cdn-widgets.s3-eu-west-1.amazonaws.com,customer_interaction
vimeocdn.com,audio_video_player
viewablemedia.net,advertising
visualwebsiteoptimizer.com,site_analytics
d5phz18u4wuww.cloudfront.net,site_analytics
vdna-assets.com,advertising
userapi.com,social_media
vk.com,social_media
cwkuki.com,advertising
webde.de,misc
mediaathay.org.uk,advertising
adrcntr.com,advertising
weborama.com,advertising
weborama.fr,advertising
wt-safetag.com,site_analytics
webtrekk.com,site_analytics
webtrekk.net,site_analytics
webtrekk-asia.net,site_analytics
mateti.net,site_analytics
wbtrk.net,site_analytics
wt-eu02.net,site_analytics
webtrendslive.com,site_analytics
wetter.com,misc
wikipedia.org,cdn
wikimedia.org,cdn
wirecard.com,customer_interaction
wistia.com,site_analytics
wordpress.com,site_analytics
wp.com,site_analytics
wp.pl,misc
wywy.com,advertising
xhcdn.com,pornvertising
xhamster.com,pornvertising
xing.com,site_analytics
xvideos-cdn.com,misc
yimg.com,site_analytics
yahooapis.com,site_analytics
yahoo.com,site_analytics
yimg.jp,site_analytics
tumblr.com,site_analytics
yjtag.jp,misc
yandex.net,advertising
yastatic.net,advertising
yieldlove.com,advertising
ypncdn.com,pornvertising
googlevideo.com,audio_video_player
ytimg.com,audio_video_player
youtube-nocookie.com,audio_video_player
zalan.do,misc
ztat.net,misc
zanox.com,advertising
zanox-affiliate.de,advertising
webtest.net,advertising
ziffstatic.com,advertising
zdbb.net,advertising
ziffdavis.com,advertising
ziffprod.com,advertising
